 <Ui xmlns="http://www.blizzard.com/wow/ui/"
     xmlns:xsi="http://www.w3.org/2001/XMLSchema-instance"
     xsi:schemaLocation="http://www.blizzard.com/wow/ui/ ../../FrameXML/UI.xsd">
	
	<!-- Don't touch, this order is important -->
	<Script file="Libs\LibStub\LibStub.lua"/>
	<Include file="libs\AceAddon-3.0\AceAddon-3.0.xml"/>
	
	<Script file="APIInterface.lua"/>

	<Button name="APII_SearchButtonTemplate" inherits="UIMenuButtonStretchTemplate" frameStrata="HIGH" virtual="true">
		<Size x="70" y="22"/>
		<Scripts>
			<OnLoad>
				self:SetEnabled(false);
			</OnLoad>
			<OnLeave> 
				GameTooltip:Hide();
			</OnLeave>
		</Scripts>				
	</Button>
	
	<Frame name="APII_InsetTemplate" inherits="InsetFrameTemplate" virtual="true">
		<Layers>
			<Layer level="OVERLAY">
				<Texture parentKey="OverlayShadowTopLeft" atlas="collections-background-shadow-small" useAtlasSize="true">
					<Anchors>
						<Anchor point="TOPLEFT" relativePoint="TOPLEFT" x="4" y="-4"/>
					</Anchors>
				</Texture>

				<Texture parentKey="OverlayShadowTop" atlas="collections-background-shadow-small" useAtlasSize="true">
					<Anchors>
						<Anchor point="TOPLEFT" relativePoint="TOPLEFT" x="17" y="-4"/>
						<Anchor point="TOPRIGHT" relativePoint="TOPRIGHT" x="-17" y="-4"/>
					</Anchors>
					<TexCoords left="0.9999" right="1" top="0" bottom="1"/>
				</Texture>

				<Texture parentKey="OverlayShadowTopRight" atlas="collections-background-shadow-small" useAtlasSize="true">
					<Anchors>
						<Anchor point="TOPRIGHT" relativePoint="TOPRIGHT" x="-4" y="-4"/>
					</Anchors>
					<TexCoords left="1" right="0" top="0" bottom="1"/>
				</Texture>

				<Texture parentKey="OverlayShadowLeft" atlas="collections-background-shadow-small" useAtlasSize="true">
					<Anchors>
						<Anchor point="TOPLEFT" relativePoint="TOPLEFT" x="4" y="-17"/>
						<Anchor point="BOTTOMLEFT" relativePoint="BOTTOMLEFT" x="4" y="16"/>
					</Anchors>
					<TexCoords left="0" right="1" top="0.9999" bottom="1"/>
				</Texture>

				<Texture parentKey="OverlayShadowBottomLeft" atlas="collections-background-shadow-small" useAtlasSize="true">
					<Anchors>
						<Anchor point="BOTTOMLEFT" relativePoint="BOTTOMLEFT" x="4" y="3"/>
					</Anchors>
					<TexCoords left="0" right="1" top="1" bottom="0"/>
				</Texture>

				<Texture parentKey="OverlayShadowRight" atlas="collections-background-shadow-small" useAtlasSize="true">
					<Anchors>
						<Anchor point="TOPRIGHT" relativePoint="TOPRIGHT" x="-4" y="-17"/>
						<Anchor point="BOTTOMRIGHT" relativePoint="BOTTOMRIGHT" x="-4" y="16"/>
					</Anchors>
					<TexCoords left="1" right="0" top="0.9999" bottom="1"/>
				</Texture>

				<Texture parentKey="OverlayShadowBottomRight" atlas="collections-background-shadow-small" useAtlasSize="true">
					<Anchors>
						<Anchor point="BOTTOMRIGHT" relativePoint="BOTTOMRIGHT" x="-4" y="3"/>
					</Anchors>
					<TexCoords left="1" right="0" top="1" bottom="0"/>
				</Texture>

				<Texture parentKey="OverlayShadowBottom" atlas="collections-background-shadow-small" useAtlasSize="true">
					<Anchors>
						<Anchor point="BOTTOMLEFT" relativePoint="BOTTOMLEFT" x="17" y="3"/>
						<Anchor point="BOTTOMRIGHT" relativePoint="BOTTOMRIGHT" x="-17" y="3"/>
					</Anchors>
					<TexCoords left="0.9999" right="1" top="1" bottom="0"/>
				</Texture>
			</Layer>

			<Layer level="BORDER" textureSubLevel="2">
				<Texture parentKey="ShadowCornerTopLeft" atlas="collections-background-shadow-large" useAtlasSize="true">
					<Anchors>
						<Anchor point="TOPLEFT" x="4" y="-4"/>
					</Anchors>
				</Texture>

				<Texture parentKey="ShadowCornerTopRight" atlas="collections-background-shadow-large" useAtlasSize="true">
					<Anchors>
						<Anchor point="TOPRIGHT" relativePoint="TOPRIGHT" x="-4" y="-4" />
					</Anchors>
					<TexCoords left="1.0" right="0.0" top="0.0" bottom="1.0"/>
				</Texture>

				<Texture parentKey="ShadowCornerBottomLeft" atlas="collections-background-shadow-large" useAtlasSize="true">
					<Anchors>
						<Anchor point="BOTTOMLEFT" relativePoint="BOTTOMLEFT" x="4" y="4"/>
					</Anchors>
					<TexCoords left="0.0" right="1.0" top="1.0" bottom="0.0"/>
				</Texture>

				<Texture parentKey="ShadowCornerBottomRight" atlas="collections-background-shadow-large" useAtlasSize="true">
					<Anchors>
						<Anchor point="BOTTOMRIGHT" relativePoint="BOTTOMRIGHT" x="-4" y="4"/>
					</Anchors>
					<TexCoords left="1.0" right="0.0" top="1.0" bottom="0.0"/>
				</Texture>

				<Texture parentKey="ShadowCornerTop" atlas="collections-background-shadow-large" useAtlasSize="true">
					<Anchors>
						<Anchor point="TOPLEFT" relativePoint="TOPLEFT" x="149" y="-4"/>
						<Anchor point="TOPRIGHT" relativePoint="TOPRIGHT" x="-149" y="-4"/>
					</Anchors>
					<TexCoords left="0.9999" right="1" top="0" bottom="1"/>
				</Texture>

				<Texture parentKey="ShadowCornerLeft" atlas="collections-background-shadow-large" useAtlasSize="true">
					<Anchors>
						<Anchor point="TOPLEFT" relativePoint="TOPLEFT" x="4" y="-151"/>
						<Anchor point="BOTTOMLEFT" relativePoint="BOTTOMLEFT" x="4" y="151"/>
					</Anchors>
					<TexCoords left="0" right="1" top="0.9999" bottom="1"/>
				</Texture>

				<Texture parentKey="ShadowCornerRight" atlas="collections-background-shadow-large" useAtlasSize="true">
					<Anchors>
						<Anchor point="TOPRIGHT" relativePoint="TOPRIGHT" x="-4" y="-151"/>
						<Anchor point="BOTTOMRIGHT" relativePoint="BOTTOMRIGHT" x="-4" y="151"/>
					</Anchors>
					<TexCoords left="1" right="0" top="0.9999" bottom="1"/>
				</Texture>

				<Texture parentKey="ShadowCornerBottom" atlas="collections-background-shadow-large" useAtlasSize="true">
					<Anchors>
						<Anchor point="BOTTOMLEFT" relativePoint="BOTTOMLEFT" x="149" y="4"/>
						<Anchor point="BOTTOMRIGHT" relativePoint="BOTTOMRIGHT" x="-149" y="4"/>
					</Anchors>
					<TexCoords left="0.9999" right="1" top="1" bottom="0"/>
				</Texture>
			</Layer>
		</Layers>
	</Frame>
	
	<Button name="APII_ListSystemTemplate" hidden="false" mixin="APII_LISTBUTTONMIXIN" virtual="true">
		<Size y="34"/>
		<Anchors>
			<Anchor point="LEFT"/>
			<Anchor point="RIGHT"/>
		</Anchors>
		<Layers>
			<Layer level="BACKGROUND">
				<Texture name="$parentBackground" file="Interface\Garrison\GarrisonMissionParchment" vertTile="true" horizTile="true" parentKey="background">
					<Anchors>
						<Anchor point="TOPLEFT" x="3" y="-3"/>
						<Anchor point="BOTTOMRIGHT" x="-3" y="3"/>
					</Anchors>
				</Texture>	
			</Layer>
			<Layer level="BACKGROUND" textureSubLevel="1">
				<Texture name="$parentTitleBackground" file="Interface\PETBATTLES\PetBattleHUDAtlas" horizTile="true" parentKey="titleBar">
					<Size x="0" y="31"/>
					<Anchors>
						<Anchor point="TOPLEFT" x="4" y="-3"/>
						<Anchor point="TOPRIGHT" x="-4" y="-3"/>
					</Anchors>
					<TexCoords left="0" right="1" top="0.123046875" bottom="0.2060546875"/>
				</Texture>				
			</Layer>

			<Layer level="ARTWORK">						
				<FontString name="$parentName" inherits="GameFontWhite" maxLines="1" hidden="false" justifyH="LEFT" justifyV="MIDDLE" parentKey="Name">
					<Anchors>
						<Anchor point="TOPLEFT" relativeKey="$parent.titleBar" x="20" />
						<Anchor point="BOTTOMRIGHT" relativeKey="$parent.titleBar" x="-20" y="2"/>
					</Anchors>
				</FontString>
				
				<FontString inherits="GameFontWhite" maxLines="1" hidden="true" justifyH="LEFT" justifyV="MIDDLE" parentKey="ClipboardInfo" text="Clipboard:">
					<Anchors>
						<Anchor point="TOPLEFT" relativeKey="$parent.titleBar" relativePoint="BOTTOMLEFT" x="26" y="-8"/>
					</Anchors>
				</FontString>
				
				<FontString inherits="GameFontWhite" hidden="true" justifyH="LEFT" justifyV="MIDDLE" parentKey="Details" spacing="3">
					<Anchors>
						<Anchor point="BOTTOMLEFT" x="30" y="13"/>
						<Anchor point="BOTTOMRIGHT" x="-20" y="13"/>
					</Anchors>
				</FontString>
			</Layer>
			<Layer level="OVERLAY">
                <Texture parentKey="selectedTexture" atlas="PetList-ButtonSelect" hidden="true"/>
			</Layer>
		</Layers>

		<Frames>
			<EditBox parentKey="ClipboardString" inherits="InputBoxTemplate" hidden="true" autoFocus="false"> 
				<Size y="20"/>
				<Anchors>
					<Anchor point="LEFT" relativeKey="$parent.ClipboardInfo" relativePoint="RIGHT" x="10"/>
					<Anchor point="RIGHT" x="-35"/>
				</Anchors>
				
				<Layers>
					<Layer level="ARTWORK">
						<Texture parentKey="Checkmark" file="Interface\Scenarios\ScenarioIcon-Check" alpha="0">
							<Size x="16" y="16" />
							<Anchors>
								<Anchor point="LEFT" relativePoint="RIGHT" x="3"/>
							</Anchors>
						</Texture>
					</Layer>
				</Layers>
				
				
				
				<Animations>
					<AnimationGroup parentKey="CheckAnim" setToFinalAlpha="true" looping="NONE">
						<Alpha parentKey="Checkmark" childKey="Checkmark" fromAlpha="1" toAlpha="0"  Duration="0.6" order="0" />
						<Scale parentKey="Checkmark" childKey="Checkmark" fromScaleX="0.7" toScaleX="1.5" smoothing="NONE" fromScaleY="0.7" toScaleY="1.5" Duration="0.6" order="0"/>
					</AnimationGroup>
				</Animations>
				
				<Scripts>
					<OnEnterPressed>
						self:ClearFocus();
					</OnEnterPressed>
					<OnKeyDown>
						if (IsControlKeyDown() and (key == "C" or key == "X")) then
							self.CheckAnim:Stop();
							self.CheckAnim:Play();
							PlaySound(SOUNDKIT.TUTORIAL_POPUP);
							<!-- Delay until next frame or it will prevent the actual copy -->
							C_Timer.After(0, function() self:ClearFocus(); end);
						end
					</OnKeyDown>
					<OnTextChanged>
						if (userInput) then
							self:SetText(self:GetParent().Api:GetClipboardString());
							self:HighlightText();
						end
					</OnTextChanged>
				</Scripts>
			</EditBox>
			
			<SimpleHTML parentKey="Details">
					<size x="450" y="500"/>
					<Anchors>
						<Anchor point="TOP" relativeKey="$parent.ClipboardString" relativePoint="BOTTOM"  y="-10"/>
						<Anchor point="LEFT" x="30"/>
						<Anchor point="RIGHT" x="30"/>
					</Anchors>
					<FontString inherits="GameFontWhite" hidden="true" justifyH="LEFT" justifyV="MIDDLE"  spacing="3" nonspacewrap="true" />
					
					<Scripts>
						<OnHyperlinkClick>
							APII_Core:HandleHyperlink(self, link, text, button);
						</OnHyperlinkClick>
					</Scripts>
					
				</SimpleHTML>
			
			<Frame name="$parentHighlight" setAllPoints="true" hidden="true" enableMouse="false" parentKey="highlight">
				<Layers>
					<Layer level="OVERLAY">
						<Texture name="$parentTopLeft" file="Interface\PaperDollInfoFrame\UI-Character-ReputationBar-Highlight" alphaMode="ADD">
							<Size x="16" y="16"/>
							<Anchors>
								<Anchor point="TOPLEFT" x="-1" y="2"/>
							</Anchors>
							<TexCoords left="0.06640625" right="0" top="0.4375" bottom="0.65625"/>
						</Texture>
						<Texture name="$parentBottomLeft" file="Interface\PaperDollInfoFrame\UI-Character-ReputationBar-Highlight" alphaMode="ADD">
							<Size x="16" y="16"/>
							<Anchors>
								<Anchor point="BOTTOMLEFT" x="-1" y="-2"/>
							</Anchors>
							<TexCoords left="0.06640625" right="0" top="0.65625" bottom="0.4375"/>
						</Texture>		
						<Texture name="$parentTopRight" file="Interface\PaperDollInfoFrame\UI-Character-ReputationBar-Highlight" alphaMode="ADD">
							<Size x="16" y="16"/>
							<Anchors>
								<Anchor point="TOPRIGHT" x="1" y="2"/>
							</Anchors>
							<TexCoords left="0" right="0.06640625" top="0.4375" bottom="0.65625"/>
						</Texture>
						<Texture name="$parentBottomRight" file="Interface\PaperDollInfoFrame\UI-Character-ReputationBar-Highlight" alphaMode="ADD">
							<Size x="16" y="16"/>
							<Anchors>
								<Anchor point="BOTTOMRIGHT" x="1" y="-2"/>
							</Anchors>
							<TexCoords left="0" right="0.06640625" top="0.65625" bottom="0.4375"/>
						</Texture>			
						<Texture name="$parentTop" file="Interface\PaperDollInfoFrame\UI-Character-ReputationBar-Highlight" alphaMode="ADD">
							<Anchors>
								<Anchor point="TOPLEFT" relativeTo="$parentTopLeft" relativePoint="TOPRIGHT"/>
								<Anchor point="BOTTOMRIGHT" relativeTo="$parentTopRight" relativePoint="BOTTOMLEFT"/>
							</Anchors>
							<TexCoords left="0" right="0.015" top="0.4375" bottom="0.65625"/>
						</Texture>
						<Texture name="$parentBottom" file="Interface\PaperDollInfoFrame\UI-Character-ReputationBar-Highlight" alphaMode="ADD">
							<Anchors>
								<Anchor point="TOPLEFT" relativeTo="$parentBottomLeft" relativePoint="TOPRIGHT"/>
								<Anchor point="BOTTOMRIGHT" relativeTo="$parentBottomRight" relativePoint="BOTTOMLEFT"/>
							</Anchors>
							<TexCoords left="0" right="0.015" top="0.65625" bottom="0.4375"/>
						</Texture>			
						<Texture name="$parentLeft" file="Interface\PaperDollInfoFrame\UI-Character-ReputationBar-Highlight" alphaMode="ADD">
							<Anchors>
								<Anchor point="TOPLEFT" relativeTo="$parentTopLeft" relativePoint="BOTTOMLEFT"/>
								<Anchor point="BOTTOMRIGHT" relativeTo="$parentBottomLeft" relativePoint="TOPRIGHT"/>
							</Anchors>
							<TexCoords left="0.06640625" right="0" top="0.65625" bottom="0.6"/>
						</Texture>
						<Texture name="$parentRight" file="Interface\PaperDollInfoFrame\UI-Character-ReputationBar-Highlight" alphaMode="ADD">
							<Anchors>
								<Anchor point="TOPLEFT" relativeTo="$parentTopRight" relativePoint="BOTTOMLEFT"/>
								<Anchor point="BOTTOMRIGHT" relativeTo="$parentBottomRight" relativePoint="TOPRIGHT"/>
							</Anchors>
							<TexCoords left="0" right="0.06640625" top="0.65625" bottom="0.6"/>
						</Texture>
					</Layer>
				</Layers>
			</Frame>
		</Frames>

		<Scripts>
			<OnClick method="OnClick"/>
			<OnLoad>
				self.backdropInfo = {
						edgeFile = "Interface\\Tooltips\\UI-Tooltip-Border",
						edgeSize = 16,
						tileEdge = true,
					};
				self:OnBackdropLoaded();
				self:RegisterForClicks("LeftButtonUp", "RightButtonUp");
				<!-- I can keyvalue the color, but I'd rather not create a global variable -->
				self:SetBackdropBorderColor(0.7, 0.5, 0.125, 1);
			</OnLoad>
			<OnEnter>
				self.highlight:Show();
			</OnEnter>
			<OnLeave>
				if ( not self.selected ) then
					self.highlight:Hide();
				end
			</OnLeave>
			<OnSizeChanged method="OnBackdropSizeChanged"/>
		</Scripts>
	</Button>
	
	
	<Button name="APII_ListFunctionTemplate" hidden="false" virtual="true">
		<Size>
			<AbsDimension  y="40"/>
		</Size>
		<Anchors>
			<Anchor point="LEFT"/>
			<Anchor point="RIGHT"/>
		</Anchors>
		<Layers>
			<Layer level="BACKGROUND">
				<Texture atlas="PetList-ButtonBackground" parentKey="background"/>
			</Layer>
			<Layer level="ARTWORK">
				<FontString name="$parentName" inherits="GameFontNormal" maxLines="1" hidden="false" justifyH="LEFT" justifyV="MIDDLE" parentKey="Name" text="Namescpae.Name(Argument)">
					<Size y="15"/>
					<Anchors>
						<Anchor point="TOPLEFT" x="20" y="-5"/>
						<Anchor point="TOPRIGHT" x="-20" y="-5"/>
					</Anchors>
				</FontString>
				<FontString name="$parentArguments" inherits="GameFontWhite" maxLines="1" hidden="false" justifyH="LEFT" justifyV="MIDDLE" parentKey="Arguments">
					<Size y="10"/>
					<Anchors>
						<Anchor point="TOPLEFT" relativeKey="$parent.Name" relativePoint="BOTTOMLEFT" x="10" y="-2"/>
						<Anchor point="TOPRIGHT" relativeKey="$parent.Name" relativePoint="BOTTOMRIGHT" y="-2"/>
					</Anchors>
					<Color r="0.7" g="0.7" b="0.7" />
				</FontString>
			</Layer>
			<Layer level="OVERLAY">
                <Texture parentKey="selectedTexture" atlas="PetList-ButtonSelect" hidden="true"/>
			</Layer>
		</Layers>
		
		<HighlightTexture atlas="PetList-ButtonHighlight">
			<Color r="1" g="1" b="1" a="1"/>
		</HighlightTexture>

		<Scripts>
			<OnClick function="APII_ListFunction_OnClick"/>
			<OnLoad>
				self:RegisterForClicks("LeftButtonUp", "RightButtonUp");
			</OnLoad>
		</Scripts>
	</Button>
	
	<Frame name="APII_Core" inherits="BasicFrameTemplate" mixin="APII_COREMIXIN" movable="true" resizable="false" toplevel="true" frameStrata="MEDIUM" enableMouse="true" parent="UIParent" hidden="true">
		<Size x="600" y="450"/>
		<Anchors>
			<Anchor point="CENTER" x="0" y="0"/>
		</Anchors>
		<Scripts>
			<OnLoad method="OnLoad"/>
			<OnShow>
				PlaySound(SOUNDKIT.IG_CHARACTER_INFO_OPEN);
			</OnShow>
			<OnHide>
				PlaySound(SOUNDKIT.IG_CHARACTER_INFO_CLOSE);
			</OnHide>
		</Scripts>
	</Frame>
	
	<Frame name="APIILists" parent="APII_Core" mixin="APII_LISTSMIXIN" hidden="false">
		<Anchors>
			<Anchor point="BOTTOMLEFT" x="0" y="0"/>
			<Anchor point="BOTTOMRIGHT" x="0" y="0"/>
			<Anchor point="TOP" x="0" y="-27"/>
		</Anchors>

		<Frames>
			<Frame name="$parentInsetLeft" inherits="InsetFrameTemplate" parentKey="insetLeft">
				<Anchors>
					<Anchor point="TOPLEFT" relativePoint="TOPLEFT" y="3" x="4"/>
					<Anchor point="BOTTOMLEFT" relativePoint="BOTTOMLEFT" x="4" y="5"/>
					<Anchor point="RIGHT" x="-26"/>
				</Anchors>
			</Frame>
			
			<Button parentKey="HistoryBackButton" enable="false">
				<Size x="22" y="22"/>
				<Anchors>
					<Anchor point="TOPLEFT" relativeKey="$parent.insetLeft"  x="3" y="-6"/>
				</Anchors>
				<HitRectInsets>
					<AbsInset left="2" right="3" top="2" bottom="2"/>
				</HitRectInsets>
				<Scripts>
					<OnClick>
						self:GetParent():StepHistory(1);
					</OnClick>
					<OnEnter>
						GameTooltip:SetOwner(self, "ANCHOR_RIGHT");
						GameTooltip:SetText("Back In History");
						GameTooltip:AddLine("Hold shift to go to the very end.", 1, 1, 1, true);
						GameTooltip:Show();
					</OnEnter>
					<OnLeave>
						GameTooltip:Hide();
					</OnLeave>
				</Scripts>
				<NormalTexture file="Interface\Glues\Common\Glue-LeftArrow-Button-Up"/>
				<PushedTexture file="Interface\Glues\Common\Glue-LeftArrow-Button-Down"/>
				<DisabledTexture file="Interface\Buttons\UI-Panel-MinimizeButton-Disabled"/>
				<HighlightTexture file="Interface\Glues\Common\Glue-LeftArrow-Button-Highlight" alphaMode="ADD"/>
			</Button>
			<Button parentKey="HistoryForwardButton" enable="false">
				<Size x="22" y="22"/>
				<Anchors>
					<Anchor point="LEFT" relativeKey="$parent.HistoryBackButton" relativePoint="RIGHT" x="-7" y="0"/>
				</Anchors>
				<HitRectInsets>
					<AbsInset left="3" right="2" top="2" bottom="2"/>
				</HitRectInsets>
				<Scripts>
					<OnClick>
						self:GetParent():StepHistory(-1);
					</OnClick>
					<OnEnter>
						GameTooltip:SetOwner(self, "ANCHOR_RIGHT");
						GameTooltip:SetText("Forward In History");
						GameTooltip:AddLine("Hold shift to go to the very front.", 1, 1, 1, true);
						GameTooltip:Show();
					</OnEnter>
					<OnLeave>
						GameTooltip:Hide();
					</OnLeave>
				</Scripts>
				<NormalTexture file="Interface\Glues\Common\Glue-RightArrow-Button-Up"/>
				<PushedTexture file="Interface\Glues\Common\Glue-RightArrow-Button-Down"/>
				<DisabledTexture file="Interface\Buttons\UI-Panel-MinimizeButton-Disabled"/>
				<HighlightTexture file="Interface\Glues\Common\Glue-RightArrow-Button-Highlight" alphaMode="ADD"/>
			</Button>
			
			<EditBox parentKey="searchBox" inherits="SearchBoxTemplate" letters="40">
				<Size x="145" y="20"/>
				<Anchors>
					<Anchor point="LEFT" relativeKey="$parent.HistoryForwardButton" relativePoint="RIGHT" x="4" y="1"/>
				</Anchors>
				<Scripts>
					<OnLoad>
						SearchBoxTemplate_OnLoad(self);
						self.clearButton:SetScript("OnClick", function(button) 
								SearchBoxTemplateClearButton_OnClick(button); 
								self:GetParent():AddHistory();
							end)
					</OnLoad>
					<OnTextChanged>
						APII_Core:Search_OnTextChanged(self, userInput);
					</OnTextChanged>
				</Scripts>
			</EditBox>
			<CheckButton parentKey="checkUndocumented" inherits="UICheckButtonTemplate">
				<Size x="25" y="25"/>
				<Anchors>
					<Anchor point="LEFT" relativeKey="$parent.searchBox" relativePoint="RIGHT" x="0" y="-2"/>
				</Anchors>
				<Scripts>
					<OnLoad>
						self:SetChecked(true);
					</OnLoad>
					<OnClick>
						APII_Core:CheckDocumented_OnClick(self);
					</OnClick>
					<OnEnter> 
						APII_Core:CheckDocumented_OnEnter(self);
					</OnEnter>
					<OnLeave> 
						GameTooltip:Hide();
					</OnLeave>
				</Scripts>
			</CheckButton>
			<Button parentKey="buttonFunctions" inherits="APII_SearchButtonTemplate" text="Functions" >
				<Anchors>
					<Anchor point="LEFT" relativeKey="$parent.checkUndocumented" relativePoint="RIGHT" x="0" y="1"/>
				</Anchors>
				<Scripts>
					<OnClick> 
						APII_Core:GlobalSearch_OnClick("function");
					</OnClick>	
					<OnEnter> 
						APII_Core:GlobalSearch_OnEnter(self, "function");
					</OnEnter>
				</Scripts>				
			</Button>
			<Button parentKey="buttonTables" inherits="APII_SearchButtonTemplate" text="Tables">
				<Anchors>
					<Anchor point="LEFT" relativeKey="$parent.buttonFunctions" relativePoint="RIGHT" x="1" />
				</Anchors>
				<Scripts>
					<OnClick> 
						APII_Core:GlobalSearch_OnClick("table");
					</OnClick>	
					<OnEnter> 
						APII_Core:GlobalSearch_OnEnter(self, "table");
					</OnEnter>
				</Scripts>				
			</Button>
			<Button parentKey="buttonFrames" inherits="APII_SearchButtonTemplate" text="Frames">
				<Anchors>
					<Anchor point="LEFT" relativeKey="$parent.buttonTables" relativePoint="RIGHT" x="1" />
				</Anchors>
				<Scripts>
					<OnClick> 
						APII_Core:GlobalSearch_OnClick("table", true);
					</OnClick>	
					<OnEnter> 
						APII_Core:GlobalSearch_OnEnter(self, "frame");
					</OnEnter>
				</Scripts>				
			</Button>
			<Button parentKey="buttonStrings" inherits="APII_SearchButtonTemplate" text="Strings">
				<Anchors>
					<Anchor point="LEFT" relativeKey="$parent.buttonFrames" relativePoint="RIGHT" x="1" />
				</Anchors>
				<Scripts>
					<OnClick> 
						APII_Core:GlobalSearch_OnClick("string");
					</OnClick>
					<OnEnter> 
						APII_Core:GlobalSearch_OnEnter(self, "string");
					</OnEnter>
				</Scripts>				
			</Button>
			<Button parentKey="ButtonValues" inherits="APII_SearchButtonTemplate" text="Values">
				<Anchors>
					<Anchor point="LEFT" relativeKey="$parent.buttonStrings" relativePoint="RIGHT" x="1" />
				</Anchors>
				<Scripts>
					<OnClick> 
						APII_Core:GlobalSearch_OnClick("value");
					</OnClick>
					<OnEnter> 
						APII_Core:GlobalSearch_OnEnter(self, "value");
					</OnEnter>
				</Scripts>				
			</Button>
			<Frame parentKey="filterBar">
				<Size y="0.1"/>
				<Anchors>
					<Anchor point="TOP" relativeKey="$parent.searchBox" relativePoint="BOTTOM" y="-2"/>
					<Anchor point="LEFT" relativeKey="$parent.insetLeft" x="3" />
					<Anchor point="RIGHT" relativeKey="$parent.insetLeft"/>
				</Anchors>
				<Layers>
					<Layer level="ARTWORK">
						<Texture file="Interface\Buttons\UI-Listbox-Highlight2">
							<Color r="0.6" g="0.75" b="1.0" a="0.5" />
						</Texture>
						<FontString parentKey="text" inherits="GameFontHighlightSmall" justifyH="LEFT">
							<Size y="13"/>
							<Anchors>
								<Anchor point="LEFT" x="25" y="0"/>
								<Anchor point="RIGHT" x="-25" y="0"/>
							</Anchors>
						</FontString>
					</Layer>
				</Layers>
				<Frames>
					<Button parentKey="clearButton" hidden="true">
						<Size x="17" y="17"/>
						<Anchors>
							<Anchor point="RIGHT"/>
						</Anchors>
						<Layers>
							<Layer level="ARTWORK">
								<Texture file="Interface\FriendsFrame\ClearBroadcastIcon" alpha="0.5" parentKey="texture">
									<Size>
										<AbsDimension x="17" y="17"/>
									</Size>
									<Anchors>
										<Anchor point="TOPLEFT" x="0" y="0"/>
									</Anchors>
								</Texture>
							</Layer>
						</Layers>
						<Scripts>
							<OnEnter>
								self.texture:SetAlpha(1.0);
							</OnEnter>
							<OnLeave>
								self.texture:SetAlpha(0.5);
							</OnLeave>
							<OnMouseDown>
								if self:IsEnabled() then
									self.texture:SetPoint("TOPLEFT", self, "TOPLEFT", 1, -1);
								end
							</OnMouseDown>
							<OnMouseUp>
								self.texture:SetPoint("TOPLEFT", self, "TOPLEFT", 0, 0);
							</OnMouseUp>
							<OnClick>
								self:GetParent():GetParent():GetParent():FilterClearButton_OnClick();
							</OnClick>
						</Scripts>
					</Button>
				</Frames>
			</Frame>
			
			<ScrollFrame name="$parentSystemList" parentKey="ScrollFrame" inherits="HybridScrollFrameTemplate">
				<Anchors>
					<Anchor point="TOPLEFT" relativeKey="$parent.filterBar" relativePoint="BOTTOMLEFT" x="0" y="-2"/>
					<Anchor point="BOTTOMRIGHT" relativeTo="$parentInsetLeft" x="-2" y="5"/>
				</Anchors>
				<Frames>
					<Slider name="$parentScrollBar" inherits="HybridScrollBarTrimTemplate" parentKey="scrollBar">
						<Anchors>
							<Anchor point="TOPLEFT" relativePoint="BOTTOMRIGHT" x="4" y="400"/>
							<Anchor point="BOTTOMLEFT" relativePoint="BOTTOMRIGHT" x="4" y="7"/>
						</Anchors>
						<Scripts>
							<OnLoad>
								self.trackBG:Show();
								self.trackBG:SetVertexColor(0, 0, 0, 0.75);
							</OnLoad>
						</Scripts>
					</Slider>
				</Frames>
			</ScrollFrame>
			
		</Frames>
		<Scripts>
			<OnLoad method="OnLoad"/>
		</Scripts>
	</Frame>

	
 </Ui>